"Name","Stamp"
"UHS53794","1/26/2015 6:16:51 AM"
"UHS54879","1/9/2015 8:59:59 AM"
"UHS57120","1/21/2015 9:23:15 AM"
"UHS57769","1/10/2015 10:22:07 AM"
"UHS58460","1/3/2015 3:41:41 PM"
"UHS58970","2/3/2015 7:35:11 PM"
"UHS59050","1/22/2015 4:26:50 PM"
"UHS59054","1/27/2015 7:10:57 PM"
"UHS59308","1/13/2015 11:40:06 AM"
"UHS59317","12/3/2014 2:08:56 PM"
"UHS59355","1/15/2015 5:00:34 PM"
"UHS59392","12/16/2014 4:51:41 PM"
"UHS59795","1/18/2015 11:26:34 AM"
"UHS59796","12/5/2014 10:13:46 AM"
"UHS59791","12/29/2014 11:24:34 AM"
"UHS56074","1/20/2015 3:21:51 PM"
"UHS57166","12/16/2014 10:52:17 AM"
"UHS64339","1/15/2015 10:27:24 AM"
"UHS65527","1/30/2015 3:48:53 PM"
"UHS65396","1/19/2015 3:52:47 PM"
"UHS64424","12/16/2014 11:50:42 AM"
"UHS64430","1/26/2015 10:47:19 AM"
"UHS62208","1/21/2015 11:03:00 AM"
"UHS66935","12/16/2014 8:46:14 AM"
"UHS61334","1/11/2015 5:13:32 AM"
"UHS61843","12/26/2014 12:43:22 PM"
"UHS63050","2/6/2015 1:00:23 PM"
"UHS64344","2/2/2015 1:46:38 PM"
"UHS65019","12/3/2014 2:06:16 PM"
"UHS57335","12/8/2014 1:54:26 PM"
"UHS65891","2/4/2015 4:55:15 AM"
"UHS61373","2/2/2015 1:07:20 PM"
"UHC63743","1/8/2015 12:26:58 PM"
"UHS61349","1/20/2015 10:39:22 AM"
"UHS61627","2/6/2015 12:38:25 PM"
"t8501st","12/7/2014 1:57:42 AM"
"UHS52776","12/15/2014 2:07:56 PM"
"UHS62213","12/23/2014 2:49:35 PM"
"UHS65629","12/8/2014 2:28:10 PM"
"UHS62475","12/10/2014 1:26:06 PM"
"UHS61931","12/16/2014 1:15:25 PM"
"UHS65786","1/26/2015 10:29:50 AM"
"UHS65017","1/15/2015 12:13:24 PM"
"UHS60386","1/22/2015 4:27:04 PM"
"UHS61216","12/8/2014 7:58:52 AM"
"UHS60343","1/30/2015 11:07:42 AM"
"UHS65547","12/8/2014 8:27:27 AM"
"UHS53358","12/29/2014 9:41:27 AM"
"UHS60694","2/5/2015 8:42:00 AM"
"UHS63026","12/8/2014 9:12:10 AM"
"UHS60633","12/9/2014 1:18:37 PM"
"t8502nd","1/29/2015 12:19:26 PM"
"UHS65018","1/29/2015 4:36:53 PM"
"TESTSERV","12/3/2014 1:58:57 PM"
"UHS58466","2/2/2015 2:03:22 PM"
"UHS61420","2/3/2015 8:05:53 AM"
"UHS63137","2/5/2015 3:06:28 PM"
"UHS61031","12/3/2014 2:07:23 PM"
"UHS61831","1/29/2015 10:19:04 AM"
"UHS65490","1/5/2015 6:41:27 AM"
"UHS65703","12/3/2014 2:20:52 PM"
"UHS59692","12/3/2014 2:25:59 PM"
"rp1102","12/3/2014 2:27:52 PM"
"UHS61341","1/12/2015 8:20:57 AM"
"STIMPY","12/3/2014 3:04:48 PM"
"SQLSERV","12/13/2014 7:30:20 PM"
"UHS65863","1/27/2015 9:30:56 AM"
"UHS66671","1/28/2015 2:49:58 PM"
"UHS59691","12/3/2014 4:33:30 PM"
"UHS62944","1/19/2015 11:39:16 PM"
"UHS66670","1/7/2015 5:34:56 PM"
"UHS61022","1/7/2015 2:26:32 PM"
"UHS60655","1/24/2015 10:06:26 PM"
"UHS66930","12/3/2014 7:17:30 PM"
"BES","12/15/2014 12:41:59 PM"
"BPCDEVSERV","1/14/2015 2:15:58 PM"
"REPORTSERV","12/14/2014 12:08:09 PM"
"UHS63774","12/26/2014 6:36:03 AM"
"UHS62219","1/4/2015 10:49:12 AM"
"UHS64938","1/6/2015 10:18:40 AM"
"UHS64549","2/4/2015 8:57:29 AM"
"UHS60687","12/4/2014 9:14:23 AM"
"UHS62973","2/3/2015 7:55:15 AM"
"UHS61060","1/22/2015 4:06:45 PM"
"UHS63076","12/4/2014 11:34:27 AM"
"UHS66658","12/4/2014 2:09:22 PM"
"UHS66309","12/4/2014 4:17:03 PM"
"UHS67230","12/8/2014 11:59:04 AM"
"PRODVMHOST1","1/14/2015 6:09:54 PM"
"UHS67356","2/6/2015 2:09:08 PM"
"UHS64044","2/2/2015 5:51:32 PM"
"UHS67358","2/3/2015 4:56:33 PM"
"UHS65397","2/6/2015 2:07:07 PM"
